{"stats":{"minecraft:custom":{"minecraft:time_since_rest":5963,"minecraft:play_time":5963,"minecraft:sprint_one_cm":10661,"minecraft:walk_one_cm":22282,"minecraft:sneak_time":17,"minecraft:walk_under_water_one_cm":828,"minecraft:jump":72,"minecraft:leave_game":1,"minecraft:time_since_death":5963,"minecraft:walk_on_water_one_cm":3246,"minecraft:total_world_time":5963,"minecraft:swim_one_cm":24323,"minecraft:fall_one_cm":1103,"minecraft:interact_with_crafting_table":1,"minecraft:fly_one_cm":4416},"minecraft:used":{"minecraft:wooden_axe":8,"minecraft:crafting_table":2},"minecraft:crafted":{"minecraft:oak_planks":16,"minecraft:crafting_table":1,"minecraft:stick":12,"minecraft:wooden_pickaxe":1,"minecraft:wooden_axe":1},"minecraft:mined":{"minecraft:grass_block":1,"minecraft:oak_log":10,"minecraft:birch_leaves":1,"minecraft:sugar_cane":3,"minecraft:oak_leaves":3,"minecraft:crafting_table":2},"minecraft:picked_up":{"minecraft:stick":2,"minecraft:crafting_table":2,"minecraft:oak_log":10,"minecraft:oak_sapling":5,"minecraft:sugar_cane":5,"minecraft:dirt":1}},"DataVersion":3465}