{"stats":{"minecraft:custom":{"minecraft:time_since_rest":810,"minecraft:open_chest":5,"minecraft:sneak_time":27,"minecraft:damage_taken":1075,"minecraft:sprint_one_cm":55814,"minecraft:play_time":28931,"minecraft:deaths":4,"minecraft:walk_one_cm":21872,"minecraft:damage_blocked_by_shield":60,"minecraft:walk_under_water_one_cm":15855,"minecraft:mob_kills":2,"minecraft:jump":259,"minecraft:damage_dealt":530,"minecraft:leave_game":2,"minecraft:walk_on_water_one_cm":10707,"minecraft:time_since_death":780,"minecraft:total_world_time":28931,"minecraft:swim_one_cm":31805,"minecraft:fall_one_cm":9991,"minecraft:fly_one_cm":57999},"minecraft:killed_by":{"minecraft:skeleton":2,"minecraft:drowned":1},"minecraft:used":{"minecraft:golden_sword":5,"minecraft:flint_and_steel":6,"minecraft:cooked_porkchop":2,"minecraft:shield":1,"minecraft:sugar_cane":1},"minecraft:mined":{"minecraft:tall_seagrass":1,"minecraft:grass":4,"minecraft:grass_block":1,"minecraft:dark_oak_leaves":1,"minecraft:tall_grass":1,"minecraft:fire":7,"minecraft:lilac":3,"minecraft:sugar_cane":1},"minecraft:killed":{"minecraft:zombie":1,"minecraft:pig":1},"minecraft:picked_up":{"minecraft:birch_log":1,"minecraft:lilac":1,"minecraft:cooked_porkchop":3,"minecraft:porkchop":2,"minecraft:sugar_cane":1,"minecraft:dark_oak_log":1,"minecraft:mutton":2,"minecraft:dirt":16,"minecraft:white_wool":1}},"DataVersion":3465}