{"stats":{"minecraft:custom":{"minecraft:time_since_rest":10891,"minecraft:open_chest":5,"minecraft:damage_taken":565,"minecraft:sprint_one_cm":50586,"minecraft:play_time":22197,"minecraft:deaths":2,"minecraft:walk_one_cm":16427,"minecraft:damage_blocked_by_shield":60,"minecraft:walk_under_water_one_cm":918,"minecraft:mob_kills":1,"minecraft:jump":212,"minecraft:damage_dealt":238,"minecraft:leave_game":1,"minecraft:walk_on_water_one_cm":2336,"minecraft:time_since_death":10857,"minecraft:total_world_time":22197,"minecraft:swim_one_cm":22544,"minecraft:fall_one_cm":9155,"minecraft:fly_one_cm":48063},"minecraft:killed_by":{"minecraft:skeleton":1},"minecraft:used":{"minecraft:golden_sword":5,"minecraft:flint_and_steel":6,"minecraft:cooked_porkchop":2,"minecraft:shield":1},"minecraft:mined":{"minecraft:grass":2,"minecraft:grass_block":1,"minecraft:dark_oak_leaves":1,"minecraft:tall_grass":1,"minecraft:fire":7,"minecraft:lilac":3},"minecraft:killed":{"minecraft:pig":1},"minecraft:picked_up":{"minecraft:birch_log":1,"minecraft:lilac":1,"minecraft:cooked_porkchop":3,"minecraft:porkchop":2,"minecraft:dark_oak_log":1,"minecraft:mutton":2,"minecraft:dirt":16,"minecraft:white_wool":1}},"DataVersion":3465}