{"stats":{"minecraft:custom":{"minecraft:jump":57,"minecraft:open_chest":3,"minecraft:time_since_rest":9679,"minecraft:walk_on_water_one_cm":207,"minecraft:deaths":1,"minecraft:sprint_one_cm":9467,"minecraft:play_time":10198,"minecraft:damage_taken":370,"minecraft:time_since_death":8988,"minecraft:walk_one_cm":6448,"minecraft:total_world_time":10198,"minecraft:walk_under_water_one_cm":379,"minecraft:swim_one_cm":1624,"minecraft:fall_one_cm":5299,"minecraft:fly_one_cm":11718},"minecraft:mined":{"minecraft:dark_oak_leaves":1}},"DataVersion":3465}